product_name,Opt_classification_60
Multigrano arandanos y sabor fresa,D
Les gourmandises chocolat noir et fruits - Framboise et cranberries,D
Tortilla Chips - Salted,D
Stevia chocolate,C
Il Pandoro,E
Light & Tangy,E
ECLATS DE NOISETTES - KAMBLY - 100g,E
Biscuits Petit d√©jeuner C√©r√©ales P√©pites de Chocolat et Noisettes,C
Oreo,E
P√¢t√© abricots individuel 160g,D
Galletas Mari√±eiras Lino,C
La Vicoise,C
Galletas mini mar√≠a,C
Barquillos rellenos crema almendra,E
Biscuith√©,D
Madeleines longues,D
Variedad,E
Choco fundir con leche,D
Doonuts Napp√© Chocolat France,D
Light Riffelchips gesalzen,D
Scharfe Knabber-N√ºsse mit Chili,A
Moelleux p√©pites chocolat Bio sans allerg√®nes,E
Gullon Maria Doroda,C
Petit Beurre Complet / Riche en fibres / au bl√© complet,C
Biscuit tablette,E
Petits pains grill√©s bl√© complet sans sucres ajout√©s,C
Gl√ºckstaler Klassik - mit extra viel Butter,E
Les chocolats belges,D
Crackers pomme √©peautre,C
Wafer Chocolate con Avellana,E
Marmor Butter Sterne,E
Orange intense 100g,D
Dinkelsticks Ger√∂steter Sesam,C
Palmeritas,E
Saveur Ch'ti sauce Pom'Frites,D
"Caf√© molido, natural sabor fuerte",A
"4 Feuillet√©s Jambon Fromage, Surgel√©s",D
"Cookies Noix de Coco, Dattes et Noix de Cajou",C
Bubbly Alpine Milk,E
Coleslaw Sauce Douce,C
Amandes gout fum√©,B
Roasted Seaweed Snack,B
Chips Sour Cream & Onion,D
Caramelos jengibre & pr√≥polis 0% az√∫cares,B
Atlantis Original,E
Snack-Erbsen ungarische Paprika,B
,D
Cracker con riso soffiato,D
Strawberry squeeze,C
Snack de Pan con pipas,D
Petits Plaisirs saveur Cappuccino au chocolat noir suisse,D
Suikervrije softgums,E
Wok - L√©gumes japonais et lait de coco,D
Coleslaw √† la moutarde √† l'ancienne,B
Dinkel Frischei Waffeln,E
D√©jeuner REM,C
Cream'loop enrob√©s de chocolat blanc,E
"Date, hazelnut & cocoa bars",C
Haselnuss Riegel,C
Tartine craquante sarrasin riz ma√Øs,C
Naturals Meersalz & Pfeffer,D
Dinkel Schoko-Split mit Zartbitterschokolade,D
Biscuits p√©pites de chocolat quinoa,D
Tri√°ngulos de ma√≠z,D
Proper Corn - Sweet Coconut & Vanilla,C
Lulu La Barquette Fraise,E
Mac√©doine de l√©gumes,B
Noir dessert cors√© 64% de cacao,C
Apple crumble,D
Cheetos torciditos,D
Wafle ry≈ºowe wieloziarniste,C
Prosport - barre cacahu√®tes ü•úet caramel sal√©,C
,D
Funny Ghost,E
"KITKAT White barre au chocolat blanc, 8x41.5g",E
Mandel Magic,A
Galettes Potiron Butternut Carottes,B
Knusprige Salz Tortilla Chips,C
Chocolat,E
Gomme go√ªt menthe eucalyptus,B
Tartines craquantes au bl√© complet,C
Yoƒüurt ve Mevsim Ye≈üillikli Patates Cipsi,D
Tartines craquantes Sarrasin,C
Qualit√© & Prix Chocolate au lait suisse,E
Crumpets nature,D
Chocolat noir tablette,C
4 muffins citron & pavot,C
Chocolat noir 100+,E
Pain au lait pur beurre,D
Noir Special 72 Chocolat extra noir,D
La Gourmande 30g,D
Crocantes chocolate,D
Witte choco framboos vlaai,E
Pastilles Eucalyptus Menthol sans sucre,E
Malt loaf,C
Assortiment de recettes libanaises avec sauce s√©same,C
Love Corn ma√Øs grill√© au sel de mer,C
Pringles Sour Cream and Onion,D
Coleslaw,B
Taillaule,C
Mix N 1,A
Kinder schokobons bonbons de chocolat au lait fourres lait et noisettes sachet,E
Friture chocolat au lait pralin√©,E
Crunchips au sel fin,D
Winegums suikervrij,E
KITKAT Sachet d'oeufs 120g,E
Barre daily carotte,B
Biscuit the vert saveur mandarine,C
Prestige Caramel ,E
Mac√©doine de l√©gumes,B
Patates camperoles,C
,D
Kessel Chips Sweet Chili Style,D
Patatas fritas,C
Pals barra crema de cacahuate,C
Ricola Menthe Pomme,E
Tartines craquantes Multic√©r√©ales,C
BALATON¬Æ √ât,E
biscuits avoine complete,C
Chocolat lait Amandes & nougat,D
Tortillas chips saveur chili,D
l‚Äôoriginal lait,D
1936 Antica Ricetta,C
Waffel Eier,D
Biscuits Bio S√©same Spiruline,C
Tiramisu speculoos,D
P√©pites wasabi,C
"Chips - √† l'ancienne, nature",C
Barra Trigo Avena Con Nuez y Almendra Caja Display,D
ÁôæËçâÂë≥ÊäπËå∂Âë≥È∫ªËñØ,E
Fines Gaufrettes framboise,E
Protifast barres Crousti' noisette,B
Galettes su√©doises aux flocons d'avoine,E
Organic Rice Cakes Mini,C
Tranches de cake abricots secs et m√ºesli,D
Chocolat au lait intense - 42%,D
Nature of nuts,A
Chocolat 64% Cacao,D
P√¢te d'amande tricolore (26%),E
Triangles go√ªt ratatouille,D
Eucalyptus,E
Craquant chocolat noisettes,D
Croustillants Go√ªt bacon,D
Les d√©licieux sabl√©s aux pommes,E
Chips BIO √† base de pois chiche - Paprika - 110g,C
"Fruchtriegel Birne, pflaume & brombeere",D
Galletas Digestive S√©samo 0% az√∫cares,C
Tortilla Chips Nature,D
Vanille-Kipferl Nr. 6,D
"Bella sun luci, premium california sun dried tomatoes halves",B
Barres c√©r√©ali√®res Go√ªt Chocolat - banane,D
Feuillet√©s ap√©ritif,D
Lacasitos Chocolate con Leche,E
15 Broy√©s du Poitou,E
Chocolat noir cors√© p√¢tissier,D
Barquettes Abricot,E
Mints peppermint,E
Torreznos,E
Carottes r√¢p√©es bio,B
LiberIGPistacchi tostati senza sale aggiunto,A
Cocktail edamame y soja,B
Parle-G,D
Polvorones de Estepa,D
Crackers,D
"Marabou B√§r, granola & yoghurt",E
flap jack chocolate bar,D
D√©gustation Sel de mer d'Anglesey,C
Roter Beerenmix Fruchtchips,A
Veritable Kouign Amann Breton,E
CHOCAPIC barres de c√©r√©ales,E
La Cremeria,E
PORTION 2CAROTTE/2COLESLAW,C
Mars,E
G√¢teau au fromage blanc,C
Tack,E
Cookies Maxi p√©pites chocolat,D
Smokey paprika and almonds,D
Pistaches grill√©es sal√©es,B
Cuore di cereale. Biscotti di avena con frutti rossi,C
Go√ªters Fourr√©s Parfum Vanille,E
Galettes Bretonnes pur beurre,E
Tartines Ki'Kroc,C
Tangy Cheese Tortilla Chips,C
yummy beans,C
Chocolate con Leche,E
Ciocco biscotti,D
Pain d'√âpices bonhomme √©charpe,D
Flamegrilled aberdeen angus Potato Chips,D
Bon Bon Bum Watermelon/Sand√≠a,E
Turr√≥n de chocolate con almendras,C
,C
Garfitos,E
6 Tortillas,D
Barquettes chocolat-noisettes,E
Brossard - lot2 mini brownie chocolat noisettes x8,D
Lt2 p'tit savane rigolo chocolat 150g,C
Pure Chocolade 75%,C
Saveur cassis,E
Protein Cookies & Cream Bars,C
Aldi ‚ÄúVillage Bakery‚Äù,C
Ekin,E
Wasabi Crackers Mitsuba,D
M√ºsliriegel ohne Zuckerzusatz - Wei√üe Schoko,D
Meiji Hello Panda strawberry,E
Blue Tortilla chips,C
Bl√©vita Graines de Courge,D
Waffel-K√∂rbli,D
Galettes bretonnes,E
Papas receta original,C
,C
"Florbu Waffers, Butterkeks",D
BAR Mixed nuts,B
Tartines craquantes s√©same jardin bio,B
Coleslaw (400 g + 200 g Gratuits),B
"Vitalit√© Cranberries, noix de cajou, noix de p√©can",C
Mix - semillas y frutas,B
Noix de coco - Chocolat noir 70%,D
Cigarettes gourmandes,E
Patatas fritas sart√©n lisas sabor trufa,D
Biscuit Croustillant Bl√© Et Avoine,D
Mon coleslaw chou blanc et carottes,C
Prawn crackers,D
Karma coconut choco,D
Activ'air,E
Tuiles gout paprika,C
Taboul√© au tartare de tomate ,D
Torta polvoron,D
Kit Kat x10,E
P√¢te 100% fruits abricot,B
Takis Temptation,D
Pain sp√©cial brioch√© pour foie gras,C
Coleslaw √† la moutarde √† l'ancienne,B
NutriBite Pistachio Cranberries Bar,C
Salzstangerl,D
Beignets de Fleur de Courgette,D
Bo√Æte collector avec tubo sticks/bretzels - printemps,D
Golden Nuts,D
Bugles nacho cheese,E
Chocolat dessert Lait,D
Monster Munch Sal√© 80G,D
D√©lices au fromage,D
soft cake Kirsche,E
My Lacta Peanut n Cereal,E
Patatas fritas lisas,D
What the Hemp !,B
Chips PREMIUM sabor queso curado y trufa negra,C
Milka Oreo Sandwandwich,E
"Vita Weat 100% natural, original",C
Tex Mex Tortilla Chips med Salt,D
Smile gummi Happies,E
Caocream,E
Surtido de chocolate,E
Blackcurrant Flavour Cordial,E
Biscuits ap√©ritif saveur paprika,C
American Style Popcorn,D
Gerbl√© sans sucres g√©noise chocolat saveur framboise,C
Coleslaw √† la moutarde √† l'ancienne,B
Chokotoff - Caramel enrob√© de chocolat noir,E
Les Aides P√¢tissi√®res ‚Äì P√¢te d'amande,D
Colfiorito Snack Pronto Da Mangiare,B
Goldschatz Schokolade,E
Popped Chips Lentil,C
Principe crema de chocolate,D
BodyMe Organic Vegan Protein Bar Cacao Orange,C
Figuritas de mazapan,C
Beignet pomme,B
Pocket porridge,C
Pretzal pieces jalape√±o flavour,E
Meringue de la Gruy√®re,E
Wasabi-nori-chips,D
Au Lait du Pays Alpin (lot de 3),E
Sunbites Palomitas sabor Cheddar Blanco,C
Tendre c≈ìur chocolat,E
Gaufrettes aux l√©gumes betterave oignon,C
Craquelins natures recette originale x 20,C
Mini cake framboise,D
Chips √† l'ancienne Nature,C
Snacks popp√©s aux l√©gumineuses saveur fromage poivre fum√©,C
Protein Knabbermix,B
Chips saveur paprika,D
Biscuits Epeautre et S√©same,C
Cookies Premium Maxi P√©pites de Chocolats,D
Kichererbsen Chips,C
Sweet & Salty,B
,B
Noten & Granen Repen Amandel & Havermout,C
Classic fondente 75g,E
,C
Su≈°enky bez cukru jablko,C
Bloc lait amandes caram√©lis√©es pointe de sel,D
Breakfast Biscuits - Cranberry,C
The original - Petits crackers sans cuisson Pomme & Datte,C
Cucurucho Crema Americana & Chocolate,D
,E
Gezouten Pinda‚Äôs,B
Galleta Cracker con Oliva y Oregano,D
p‚Äôtit nature complet NUTRI+,C
Crunchy Bites Raspberry Dark Choc,C
Chocolat Blanc,E
Rocher aux Amandes,C
no:1 Hazelnut,D
Cake au beurre fourr√©,E
Harrys brioche tranch√©e bio sans additifs 400g,C
Coeur de boule - Coco Funkytella,C
Kouign amann pur beurre,E
G√©noises Orange,E
Chocolat au lait du Pays Alpin,E
So√üenkuchen,D
Souffl√© √† la cacahu√®te,D
Chips all√©g√©es,C
